Workbook
Name Full: #REF!
Name Glossary: #REF!
Name Introduction: #REF!
Name scope: #REF!
Name table1: Contents!#REF!

Sheet Contents
C1: Australian Bureau of Statistics
A2: 34070DO001_202425 Overseas Migration, 2024-25
A3: Net overseas migration by country of birth, state/territory - financial years, 2004-05 to 2024-25
A4: Released at 11:30 am (Canberra time) 19 December 2025
B6: Contents
B7: Tables
B8: 1.1 | C8: Net overseas migration by country of birth, Australia, 2004-05 to 2024-25
B9: 1.2 | C9: Net overseas migration by country of birth, New South Wales, 2004-05 to 2024-25
B10: 1.3 | C10: Net overseas migration by country of birth, Victoria, 2004-05 to 2024-25
B11: 1.4 | C11: Net overseas migration by country of birth, Queensland, 2004-05 to 2024-25
B12: 1.5 | C12: Net overseas migration by country of birth, South Australia, 2004-05 to 2024-25
B13: 1.6 | C13: Net overseas migration by country of birth, Western Australia, 2004-05 to 2024-25
B14: 1.7 | C14: Net overseas migration by country of birth, Tasmania, 2004-05 to 2024-25
B15: 1.8 | C15: Net overseas migration by country of birth, Northern Territory, 2004-05 to 2024-25
B16: 1.9 | C16: Net overseas migration by country of birth, Australian Capital Territory, 2004-05 to 2024-25
B19: More information available from the ABS website
B21: Overseas Migration 2024-25
B22: Summary
B23: Methodology
B26: Enquiries
B28: For further information about these and related statistics visit www.abs.gov.au/about/contact-us
B31: © Commonwealth of Australia 2025

Sheet Table 1.1
A1: Australian Bureau of Statistics
A2: =Contents!A2 -> 34070DO001_202425 Overseas Migration, 2024-25
A3: =Contents!A3 -> Net overseas migration by country of birth, state/territory - financial years, 2004-05 to 2024-25
A4: =Contents!A4 -> Released at 11:30 am (Canberra time) 19 December 2025
A6: (a) The net overseas migration (NOM) estimates in this table use the 12/16 month rule methodology for calculating NOM. They have not been used in compiling Australia's official estimated resident population (ERP) until September quarter 2006 and onwards.
A7: (b) To confidentialise, estimates have been rounded to the nearest 10. As a result, sums of the components may not add exactly to totals. Calculations made on rounded data may differ to those published.
A8: (c) Australia includes Other Territories.
A9: (d) Country classification and codes are from the:
A10: Standard Australian Classification of Countries (SACC), 2016 (cat. no. 1269.0)
A11: (e) Estimates for 2024-25 are preliminary and will be subject to future revisions. Preliminary estimates are based on outputs from a propensity model rather than the actual migration outcomes of each traveller. Care should be taken when using preliminary NOM cells with smaller values as these may be subject to proportionally larger revisions.
A12: (f) From 2016, Norfolk Island has been included in Australia's population following the Norfolk Island Legislation Amendment Act 2015. For 2016-17 onwards, Norfolk Island has been included in the Australian-born total.
A13: Table 1.1 Net overseas migration by country of birth, Australia, 2004-05 to 2024-25(a)(b)(c)
A14: SACC code(d) | B14: Country of birth(d) | C14: 2004-05 | D14: 2005-06 | E14: 2006-07 | F14: 2007-08 | G14: 2008-09 | H14: 2009-10 | I14: 2010-11 | J14: 2011-12 | K14: 2012-13 | L14: 2013-14 | M14: 2014-15 | N14: 2015-16 | O14: 2016-17 | P14: 2017-18 | Q14: 2018-19 | R14: 2019-20 | S14: 2020-21 | T14: 2021-22 | U14: 2022-23 | V14: 2023-24 | W14: 2024-25(e)
A15: 1101 | B15: Australia | C15: -18680 | D15: -14740 | E15: -12790 | F15: -15220 | G15: -2280 | H15: -3620 | I15: -8130 | J15: -7980 | K15: -9840 | L15: -19390 | M15: -23000 | N15: -21370 | O15: -15870 | P15: -15500 | Q15: -12360 | R15: 18060 | S15: 7470 | T15: -13440 | U15: -26160 | V15: -21150 | W15: -17060
A16: 1102 | B16: Norfolk Island(f) | C16: 20 | D16: 20 | E16: 30 | F16: 20 | G16: 20 | H16: 10 | I16: 10 | J16: 20 | K16: 30 | L16: 10 | M16: 0 | N16: 40 | O16: 70 | P16: 10 | Q16: 0 | R16: 0 | S16: 0 | T16: 0 | U16: 0 | V16: 0 | W16: 0
A17: 1199 | B17: Aust E T, nec | C17: 0 | D17: 0 | E17: 0 | F17: 0 | G17: 0 | H17: 0 | I17: 0 | J17: 0 | K17: 0 | L17: 0 | M17: 0 | N17: 0 | O17: 0 | P17: 0 | Q17: 0 | R17: 0 | S17: 0 | T17: 0 | U17: 0 | V17: 0 | W17: 0
A18: 1201 | B18: New Zealand | C18: 16870 | D18: 18090 | E18: 22100 | F18: 27730 | G18: 23150 | H18: 15780 | I18: 29040 | J18: 34540 | K18: 24740 | L18: 7240 | M18: 930 | N18: 1480 | O18: 1850 | P18: 3010 | Q18: 3330 | R18: -360 | S18: -2150 | T18: 5370 | U18: 15950 | V18: 22910 | W18: 24320
A19: 1301 | B19: New Caledonia | C19: 60 | D19: 30 | E19: 60 | F19: 80 | G19: 90 | H19: 110 | I19: 20 | J19: 40 | K19: 30 | L19: 10 | M19: 70 | N19: 50 | O19: 50 | P19: -10 | Q19: 0 | R19: 10 | S19: 0 | T19: 50 | U19: 70 | V19: 160 | W19: 250
A20: 1302 | B20: PNG | C20: 520 | D20: 720 | E20: 750 | F20: 990 | G20: 780 | H20: 630 | I20: 760 | J20: 820 | K20: 800 | L20: 540 | M20: 430 | N20: 680 | O20: 520 | P20: 270 | Q20: 310 | R20: 630 | S20: -180 | T20: 820 | U20: 1860 | V20: 1930 | W20: 1490
A21: 1303 | B21: Solomon Islands | C21: 150 | D21: 70 | E21: 60 | F21: 70 | G21: 90 | H21: 30 | I21: 100 | J21: 90 | K21: 110 | L21: 50 | M21: 100 | N21: 80 | O21: 80 | P21: 70 | Q21: 50 | R21: 300 | S21: 990 | T21: 2230 | U21: 1280 | V21: 1060 | W21: 500
A22: 1304 | B22: Vanuatu | C22: 0 | D22: 30 | E22: 20 | F22: 30 | G22: 0 | H22: 70 | I22: 10 | J22: 60 | K22: 90 | L22: 20 | M22: 0 | N22: 30 | O22: 40 | P22: 0 | Q22: 230 | R22: 2450 | S22: 2290 | T22: 2310 | U22: 200 | V22: 140 | W22: 750
A23: 1401 | B23: Guam | C23: -10 | D23: 0 | E23: 0 | F23: 0 | G23: 10 | H23: 0 | I23: 0 | J23: 0 | K23: 0 | L23: 0 | M23: 0 | N23: 0 | O23: 0 | P23: 0 | Q23: 10 | R23: 10 | S23: 0 | T23: 0 | U23: 0 | V23: 0 | W23: 0
A24: 1402 | B24: Kiribati | C24: -10 | D24: 0 | E24: 20 | F24: 40 | G24: 50 | H24: 60 | I24: -10 | J24: 10 | K24: 20 | L24: 20 | M24: 10 | N24: 0 | O24: 40 | P24: 80 | Q24: 50 | R24: 100 | S24: 180 | T24: 180 | U24: 490 | V24: 560 | W24: 160
A25: 1403 | B25: Marshall Is | C25: 0 | D25: -10 | E25: 0 | F25: 0 | G25: 0 | H25: 0 | I25: 0 | J25: 10 | K25: 0 | L25: 0 | M25: 0 | N25: 0 | O25: 0 | P25: -10 | Q25: 0 | R25: 0 | S25: 0 | T25: 0 | U25: 10 | V25: 10 | W25: 10
A26: 1404 | B26: Micronesia, F S | C26: 20 | D26: 10 | E26: 0 | F26: 0 | G26: 0 | H26: 10 | I26: 0 | J26: 10 | K26: 10 | L26: 10 | M26: 0 | N26: 0 | O26: -10 | P26: 0 | Q26: 0 | R26: 0 | S26: 0 | T26: 0 | U26: 0 | V26: 0 | W26: 0
... A263: 9299 | B263: S & E Afr, nec | C263: 0 | D263: 0 | E263: 0 | F263: 0 | G263: 0 | H263: 0 | I263: 0 | J263: 0 | K263: 0 | L263: 0 | M263: 0 | N263: 0 | O263: 0 | P263: 0 | Q263: 0 | R263: 0 | S263: 0 | T263: 0 | U263: 0 | V263: 0 | W263: 0
A264: 0000 | B264: Inadequately Described | C264: 0 | D264: 0 | E264: 0 | F264: 0 | G264: 0 | H264: 0 | I264: 0 | J264: 0 | K264: 0 | L264: 0 | M264: 0 | N264: 0 | O264: 0 | P264: 0 | Q264: 0 | R264: 0 | S264: 0 | T264: 0 | U264: 0 | V264: 0 | W264: 0
B266: Total Australian-born | C266: -18680 | D266: -14740 | E266: -12790 | F266: -15220 | G266: -2280 | H266: -3620 | I266: -8130 | J266: -7980 | K266: -9840 | L266: -19390 | M266: -23000 | N266: -21370 | O266: -15800 | P266: -15490 | Q266: -12360 | R266: 18060 | S266: 7470 | T266: -13440 | U266: -26160 | V266: -21150 | W266: -17060
B267: Total overseas-born | C267: 161260 | D267: 186580 | E267: 245580 | F267: 292560 | G267: 302140 | H267: 199680 | I267: 188510 | J267: 239920 | K267: 240170 | L267: 207170 | M267: 207040 | N267: 227600 | O267: 279150 | P267: 253720 | Q267: 253690 | R267: 174630 | S267: -92400 | T267: 221350 | U267: 564500 | V267: 450310 | W267: 322630
B269: Total | C269: 142580 | D269: 171840 | E269: 232800 | F269: 277340 | G269: 299870 | H269: 196060 | I269: 180370 | J269: 231950 | K269: 230330 | L269: 187780 | M269: 184030 | N269: 206230 | O269: 263350 | P269: 238220 | Q269: 241340 | R269: 192700 | S269: -84940 | T269: 207910 | U269: 538340 | V269: 429160 | W269: 305570
A271: © Commonwealth of Australia 2025

Sheet Table 1.2
A1: Australian Bureau of Statistics
A2: =Contents!A2 -> 34070DO001_202425 Overseas Migration, 2024-25
A3: =Contents!A3 -> Net overseas migration by country of birth, state/territory - financial years, 2004-05 to 2024-25
A4: =Contents!A4 -> Released at 11:30 am (Canberra time) 19 December 2025
A6: (a) The net overseas migration (NOM) estimates in this table use the 12/16 month rule methodology for calculating NOM. They have not been used in compiling Australia's official estimated resident population (ERP) until September quarter 2006 and onwards.
A7: (b) To confidentialise, estimates have been rounded to the nearest 10. As a result, sums of the components may not add exactly to totals. Calculations made on rounded data may differ to those published.
A8: (c) Country classification and codes are from the:
A9: Standard Australian Classification of Countries (SACC), 2016 (cat. no. 1269.0)
A10: (d) Estimates for 2024-25 are preliminary and will be subject to future revisions. Preliminary estimates are based on outputs from a propensity model rather than the actual migration outcomes of each traveller. Care should be taken when using preliminary NOM cells with smaller values as these may be subject to proportionally larger revisions.
A11: (e) From 2016, Norfolk Island has been included in Australia's population following the Norfolk Island Legislation Amendment Act 2015. For 2016-17 onwards, Norfolk Island has been included in the Australian-born total.
A12: Table 1.2 Net overseas migration by country of birth, New South Wales, 2004-05 to 2024-25(a)(b)
A13: SACC code(c) | B13: Country of birth(c) | C13: 2004-05 | D13: 2005-06 | E13: 2006-07 | F13: 2007-08 | G13: 2008-09 | H13: 2009-10 | I13: 2010-11 | J13: 2011-12 | K13: 2012-13 | L13: 2013-14 | M13: 2014-15 | N13: 2015-16 | O13: 2016-17 | P13: 2017-18 | Q13: 2018-19 | R13: 2019-20 | S13: 2020-21 | T13: 2021-22 | U13: 2022-23 | V13: 2023-24 | W13: 2024-25(d)
A14: 1101 | B14: Australia | C14: -7430 | D14: -6170 | E14: -5910 | F14: -6760 | G14: -2120 | H14: -2140 | I14: -3440 | J14: -3740 | K14: -3930 | L14: -6630 | M14: -7240 | N14: -7100 | O14: -5500 | P14: -6520 | Q14: -4550 | R14: 5620 | S14: 8270 | T14: -5260 | U14: -10160 | V14: -7300 | W14: -5700
A15: 1102 | B15: Norfolk Island(e) | C15: 0 | D15: 10 | E15: 10 | F15: 10 | G15: 10 | H15: 0 | I15: 0 | J15: 10 | K15: 10 | L15: 10 | M15: 10 | N15: 30 | O15: 40 | P15: 0 | Q15: 0 | R15: 0 | S15: 0 | T15: 0 | U15: 0 | V15: 0 | W15: 0
A16: 1199 | B16: Aust E T, nec | C16: 0 | D16: 0 | E16: 0 | F16: 0 | G16: 0 | H16: 0 | I16: 0 | J16: 0 | K16: 0 | L16: 0 | M16: 0 | N16: 0 | O16: 0 | P16: 0 | Q16: 0 | R16: 0 | S16: 0 | T16: 0 | U16: 0 | V16: 0 | W16: 0
A17: 1201 | B17: New Zealand | C17: 4080 | D17: 3700 | E17: 3910 | F17: 4280 | G17: 3400 | H17: 3180 | I17: 5390 | J17: 4960 | K17: 4010 | L17: 1710 | M17: 800 | N17: 1700 | O17: 1420 | P17: 710 | Q17: 590 | R17: -330 | S17: 1930 | T17: 380 | U17: 2080 | V17: 3280 | W17: 3870
A18: 1301 | B18: New Caledonia | C18: 10 | D18: 20 | E18: 40 | F18: 30 | G18: 30 | H18: 40 | I18: 10 | J18: 20 | K18: 30 | L18: 0 | M18: 50 | N18: 20 | O18: 30 | P18: -10 | Q18: 0 | R18: -10 | S18: 10 | T18: 10 | U18: 20 | V18: 40 | W18: 70
A19: 1302 | B19: PNG | C19: 70 | D19: 60 | E19: 60 | F19: 80 | G19: 50 | H19: 20 | I19: 90 | J19: 80 | K19: 90 | L19: 20 | M19: 70 | N19: 70 | O19: 20 | P19: 20 | Q19: 20 | R19: 60 | S19: 20 | T19: 110 | U19: 290 | V19: 370 | W19: 290
A20: 1303 | B20: Solomon Islands | C20: 30 | D20: 20 | E20: -10 | F20: 0 | G20: 10 | H20: 10 | I20: 30 | J20: 10 | K20: 0 | L20: 20 | M20: 20 | N20: 10 | O20: 0 | P20: 20 | Q20: 10 | R20: 80 | S20: 410 | T20: 730 | U20: 90 | V20: 320 | W20: 110
A21: 1304 | B21: Vanuatu | C21: 10 | D21: 0 | E21: 10 | F21: 0 | G21: 0 | H21: 20 | I21: 10 | J21: 10 | K21: 30 | L21: 10 | M21: -10 | N21: 10 | O21: 10 | P21: 20 | Q21: 60 | R21: 380 | S21: 1000 | T21: 380 | U21: -70 | V21: -70 | W21: 70
A22: 1401 | B22: Guam | C22: 0 | D22: 0 | E22: 0 | F22: 0 | G22: 0 | H22: 0 | I22: 0 | J22: 0 | K22: 0 | L22: 0 | M22: 0 | N22: 0 | O22: 0 | P22: 0 | Q22: 0 | R22: 0 | S22: 0 | T22: 0 | U22: 0 | V22: 0 | W22: 0
A23: 1402 | B23: Kiribati | C23: -10 | D23: 0 | E23: 0 | F23: 10 | G23: 10 | H23: 10 | I23: 0 | J23: 0 | K23: 0 | L23: 10 | M23: 0 | N23: -10 | O23: 0 | P23: 0 | Q23: 0 | R23: 20 | S23: 70 | T23: 0 | U23: 130 | V23: 140 | W23: 90
A24: 1403 | B24: Marshall Is | C24: 0 | D24: 0 | E24: 0 | F24: 0 | G24: 0 | H24: 0 | I24: 0 | J24: 0 | K24: 0 | L24: 0 | M24: 0 | N24: 0 | O24: 0 | P24: 0 | Q24: 0 | R24: 0 | S24: 0 | T24: 0 | U24: 0 | V24: 0 | W24: 0
A25: 1404 | B25: Micronesia, F S | C25: 0 | D25: 0 | E25: 0 | F25: 0 | G25: 0 | H25: 0 | I25: 0 | J25: 0 | K25: 0 | L25: 0 | M25: 0 | N25: 0 | O25: 0 | P25: 0 | Q25: 0 | R25: 0 | S25: 0 | T25: 0 | U25: 0 | V25: 0 | W25: 0
... A262: 9299 | B262: S & E Afr, nec | C262: 0 | D262: 0 | E262: 0 | F262: 0 | G262: 0 | H262: 0 | I262: 0 | J262: 0 | K262: 0 | L262: 0 | M262: 0 | N262: 0 | O262: 0 | P262: 0 | Q262: 0 | R262: 0 | S262: 0 | T262: 0 | U262: 0 | V262: 0 | W262: 0
A263: 0000 | B263: Inadequately Described | C263: 0 | D263: 0 | E263: 0 | F263: 0 | G263: 0 | H263: 0 | I263: 0 | J263: 0 | K263: 0 | L263: 0 | M263: 0 | N263: 0 | O263: 0 | P263: 0 | Q263: 0 | R263: 0 | S263: 0 | T263: 0 | U263: 0 | V263: 0 | W263: 0
B265: Total Australian-born | C265: -7430 | D265: -6170 | E265: -5910 | F265: -6760 | G265: -2120 | H265: -2140 | I265: -3440 | J265: -3740 | K265: -3930 | L265: -6630 | M265: -7240 | N265: -7100 | O265: -5460 | P265: -6520 | Q265: -4550 | R265: 5620 | S265: 8270 | T265: -5260 | U265: -10160 | V265: -7300 | W265: -5700
B266: Total overseas-born | C266: 54870 | D266: 59780 | E266: 79480 | F266: 94150 | G266: 88860 | H266: 59290 | I266: 55120 | J266: 60970 | K266: 70700 | L266: 73620 | M266: 77550 | N266: 87110 | O266: 110960 | P266: 97170 | Q266: 89090 | R266: 52270 | S266: -15590 | T266: 75980 | U266: 188190 | V266: 140420 | W266: 97270
B268: Total | C268: 47440 | D268: 53610 | E268: 73570 | F268: 87390 | G268: 86740 | H268: 57150 | I268: 51680 | J268: 57230 | K268: 66760 | L268: 66990 | M268: 70310 | N268: 80010 | O268: 105500 | P268: 90650 | Q268: 84540 | R268: 57890 | S268: -7330 | T268: 70720 | U268: 178040 | V268: 133120 | W268: 91570
A270: © Commonwealth of Australia 2025

Sheet Table 1.3
A1: Australian Bureau of Statistics
A2: =Contents!A2 -> 34070DO001_202425 Overseas Migration, 2024-25
A3: =Contents!A3 -> Net overseas migration by country of birth, state/territory - financial years, 2004-05 to 2024-25
A4: =Contents!A4 -> Released at 11:30 am (Canberra time) 19 December 2025
A6: (a) The net overseas migration (NOM) estimates in this table use the 12/16 month rule methodology for calculating NOM. They have not been used in compiling Australia's official estimated resident population (ERP) until September quarter 2006 and onwards.
A7: (b) To confidentialise, estimates have been rounded to the nearest 10. As a result, sums of the components may not add exactly to totals. Calculations made on rounded data may differ to those published.
A8: (c) Country classification and codes are from the:
A9: Standard Australian Classification of Countries (SACC), 2016 (cat. no. 1269.0)
A10: (d) Estimates for 2024-25 are preliminary and will be subject to future revisions. Preliminary estimates are based on outputs from a propensity model rather than the actual migration outcomes of each traveller. Care should be taken when using preliminary NOM cells with smaller values as these may be subject to proportionally larger revisions.
A11: (e) From 2016, Norfolk Island has been included in Australia's population following the Norfolk Island Legislation Amendment Act 2015. For 2016-17 onwards, Norfolk Island has been included in the Australian-born total.
A12: Table 1.3 Net overseas migration by country of birth, Victoria, 2004-05 to 2024-25(a)(b)
A13: SACC code(c) | B13: Country of birth(c) | C13: 2004-05 | D13: 2005-06 | E13: 2006-07 | F13: 2007-08 | G13: 2008-09 | H13: 2009-10 | I13: 2010-11 | J13: 2011-12 | K13: 2012-13 | L13: 2013-14 | M13: 2014-15 | N13: 2015-16 | O13: 2016-17 | P13: 2017-18 | Q13: 2018-19 | R13: 2019-20 | S13: 2020-21 | T13: 2021-22 | U13: 2022-23 | V13: 2023-24 | W13: 2024-25(d)
A14: 1101 | B14: Australia | C14: -4140 | D14: -3210 | E14: -3550 | F14: -4010 | G14: -150 | H14: -690 | I14: -2020 | J14: -1480 | K14: -2310 | L14: -4380 | M14: -5710 | N14: -5030 | O14: -3190 | P14: -2880 | Q14: -3050 | R14: 3620 | S14: -1790 | T14: -3970 | U14: -5920 | V14: -5250 | W14: -4640
A15: 1102 | B15: Norfolk Island(e) | C15: 0 | D15: 0 | E15: 0 | F15: 0 | G15: 0 | H15: 0 | I15: 0 | J15: 0 | K15: 0 | L15: 0 | M15: 0 | N15: 0 | O15: 0 | P15: 0 | Q15: 0 | R15: 0 | S15: 0 | T15: 0 | U15: 0 | V15: 0 | W15: 0
A16: 1199 | B16: Aust E T, nec | C16: 0 | D16: 0 | E16: 0 | F16: 0 | G16: 0 | H16: 0 | I16: 0 | J16: 0 | K16: 0 | L16: 0 | M16: 0 | N16: 0 | O16: 0 | P16: 0 | Q16: 0 | R16: 0 | S16: 0 | T16: 0 | U16: 0 | V16: 0 | W16: 0
A17: 1201 | B17: New Zealand | C17: 3040 | D17: 3240 | E17: 3570 | F17: 4090 | G17: 3810 | H17: 3290 | I17: 6060 | J17: 7090 | K17: 5640 | L17: 2740 | M17: 1630 | N17: 2050 | O17: 1790 | P17: 1910 | Q17: 1780 | R17: 410 | S17: -1760 | T17: 1750 | U17: 4870 | V17: 6090 | W17: 5880
A18: 1301 | B18: New Caledonia | C18: 0 | D18: 10 | E18: 0 | F18: 10 | G18: 10 | H18: 20 | I18: -10 | J18: 10 | K18: 0 | L18: 0 | M18: 10 | N18: 0 | O18: 0 | P18: 0 | Q18: 0 | R18: 0 | S18: -10 | T18: 10 | U18: 0 | V18: 20 | W18: 10
A19: 1302 | B19: PNG | C19: 80 | D19: 50 | E19: 50 | F19: 60 | G19: 10 | H19: -20 | I19: 40 | J19: 70 | K19: 40 | L19: -50 | M19: 30 | N19: 60 | O19: 40 | P19: 0 | Q19: 10 | R19: 70 | S19: -50 | T19: 20 | U19: 120 | V19: 130 | W19: 150
A20: 1303 | B20: Solomon Islands | C20: 10 | D20: 0 | E20: 10 | F20: 10 | G20: 0 | H20: 10 | I20: 10 | J20: 20 | K20: 20 | L20: 10 | M20: 10 | N20: 10 | O20: 0 | P20: -10 | Q20: 0 | R20: 90 | S20: 40 | T20: 290 | U20: 390 | V20: 320 | W20: 70
A21: 1304 | B21: Vanuatu | C21: 0 | D21: 0 | E21: 0 | F21: 0 | G21: 0 | H21: 10 | I21: 0 | J21: 20 | K21: 10 | L21: 10 | M21: 0 | N21: 0 | O21: 10 | P21: -10 | Q21: 40 | R21: 820 | S21: 100 | T21: 420 | U21: 90 | V21: -10 | W21: 90
A22: 1401 | B22: Guam | C22: -10 | D22: 0 | E22: 0 | F22: 0 | G22: 0 | H22: 0 | I22: 0 | J22: 0 | K22: 0 | L22: 0 | M22: 0 | N22: 0 | O22: 0 | P22: 0 | Q22: 0 | R22: 0 | S22: 0 | T22: 0 | U22: 0 | V22: 0 | W22: 0
A23: 1402 | B23: Kiribati | C23: 0 | D23: 0 | E23: 0 | F23: 0 | G23: -10 | H23: 0 | I23: 0 | J23: 0 | K23: 0 | L23: 10 | M23: 0 | N23: 0 | O23: 0 | P23: 0 | Q23: 10 | R23: 50 | S23: -10 | T23: 20 | U23: 110 | V23: 100 | W23: 10
A24: 1403 | B24: Marshall Is | C24: 0 | D24: 0 | E24: 0 | F24: 0 | G24: 0 | H24: 0 | I24: 0 | J24: 0 | K24: 0 | L24: 0 | M24: 0 | N24: 0 | O24: 0 | P24: 0 | Q24: 0 | R24: 0 | S24: 0 | T24: 0 | U24: 0 | V24: 0 | W24: 0
A25: 1404 | B25: Micronesia, F S | C25: 0 | D25: 0 | E25: 0 | F25: 0 | G25: 0 | H25: 0 | I25: 0 | J25: 0 | K25: 0 | L25: 0 | M25: 0 | N25: 0 | O25: 0 | P25: 0 | Q25: 0 | R25: 0 | S25: 0 | T25: 0 | U25: 0 | V25: 0 | W25: 0
... A262: 9299 | B262: S & E Afr, nec | C262: 0 | D262: 0 | E262: 0 | F262: 0 | G262: 0 | H262: 0 | I262: 0 | J262: 0 | K262: 0 | L262: 0 | M262: 0 | N262: 0 | O262: 0 | P262: 0 | Q262: 0 | R262: 0 | S262: 0 | T262: 0 | U262: 0 | V262: 0 | W262: 0
A263: 0000 | B263: Inadequately Described | C263: 0 | D263: 0 | E263: 0 | F263: 0 | G263: 0 | H263: 0 | I263: 0 | J263: 0 | K263: 0 | L263: 0 | M263: 0 | N263: 0 | O263: 0 | P263: 0 | Q263: 0 | R263: 0 | S263: 0 | T263: 0 | U263: 0 | V263: 0 | W263: 0
B265: Total Australian-born | C265: -4140 | D265: -3210 | E265: -3550 | F265: -4010 | G265: -150 | H265: -690 | I265: -2020 | J265: -1480 | K265: -2310 | L265: -4380 | M265: -5710 | N265: -5030 | O265: -3190 | P265: -2880 | Q265: -3050 | R265: 3620 | S265: -1790 | T265: -3970 | U265: -5920 | V265: -5250 | W265: -4640
B266: Total overseas-born | C266: 41760 | D266: 48190 | E266: 66090 | F266: 77580 | G266: 83770 | H266: 54370 | I266: 46650 | J266: 57650 | K266: 61340 | L266: 61280 | M266: 66410 | N266: 77250 | O266: 94430 | P266: 89850 | Q266: 88520 | R266: 56950 | S266: -51200 | T266: 70660 | U266: 165810 | V266: 133130 | W266: 92410
B268: Total | C268: 37620 | D268: 44980 | E268: 62540 | F268: 73560 | G268: 83620 | H268: 53680 | I268: 44630 | J268: 56170 | K268: 59030 | L268: 56910 | M268: 60690 | N268: 72220 | O268: 91240 | P268: 86970 | Q268: 85480 | R268: 60570 | S268: -52990 | T268: 66690 | U268: 159900 | V268: 127880 | W268: 87770
A270: © Commonwealth of Australia 2025

Sheet Table 1.4
A1: Australian Bureau of Statistics
A2: =Contents!A2 -> 34070DO001_202425 Overseas Migration, 2024-25
A3: =Contents!A3 -> Net overseas migration by country of birth, state/territory - financial years, 2004-05 to 2024-25
A4: =Contents!A4 -> Released at 11:30 am (Canberra time) 19 December 2025
A6: (a) The net overseas migration (NOM) estimates in this table use the 12/16 month rule methodology for calculating NOM. They have not been used in compiling Australia's official estimated resident population (ERP) until September quarter 2006 and onwards.
A7: (b) To confidentialise, estimates have been rounded to the nearest 10. As a result, sums of the components may not add exactly to totals. Calculations made on rounded data may differ to those published.
A8: (c) Country classification and codes are from the:
A9: Standard Australian Classification of Countries (SACC), 2016 (cat. no. 1269.0)
A10: (d) Estimates for 2024-25 are preliminary and will be subject to future revisions. Preliminary estimates are based on outputs from a propensity model rather than the actual migration outcomes of each traveller. Care should be taken when using preliminary NOM cells with smaller values as these may be subject to proportionally larger revisions.
A11: (e) From 2016, Norfolk Island has been included in Australia's population following the Norfolk Island Legislation Amendment Act 2015. For 2016-17 onwards, Norfolk Island has been included in the Australian-born total.
A12: Table 1.4 Net overseas migration by country of birth, Queensland, 2004-05 to 2024-25(a)(b)
A13: SACC code(c) | B13: Country of birth(c) | C13: 2004-05 | D13: 2005-06 | E13: 2006-07 | F13: 2007-08 | G13: 2008-09 | H13: 2009-10 | I13: 2010-11 | J13: 2011-12 | K13: 2012-13 | L13: 2013-14 | M13: 2014-15 | N13: 2015-16 | O13: 2016-17 | P13: 2017-18 | Q13: 2018-19 | R13: 2019-20 | S13: 2020-21 | T13: 2021-22 | U13: 2022-23 | V13: 2023-24 | W13: 2024-25(d)
A14: 1101 | B14: Australia | C14: -3370 | D14: -2810 | E14: -1100 | F14: -1970 | G14: -220 | H14: -60 | I14: -1210 | J14: -1130 | K14: -1700 | L14: -3990 | M14: -5160 | N14: -4200 | O14: -3140 | P14: -2960 | Q14: -2630 | R14: 4340 | S14: 520 | T14: -1810 | U14: -5070 | V14: -4430 | W14: -2990
A15: 1102 | B15: Norfolk Island(e) | C15: 10 | D15: 20 | E15: 20 | F15: 10 | G15: 10 | H15: 10 | I15: 0 | J15: 10 | K15: 20 | L15: 10 | M15: 0 | N15: 20 | O15: 30 | P15: 0 | Q15: 0 | R15: 0 | S15: 0 | T15: 0 | U15: 0 | V15: 0 | W15: 0
A16: 1199 | B16: Aust E T, nec | C16: 0 | D16: 0 | E16: 0 | F16: 0 | G16: 0 | H16: 0 | I16: 0 | J16: 0 | K16: 0 | L16: 0 | M16: 0 | N16: 0 | O16: 0 | P16: 0 | Q16: 0 | R16: 0 | S16: 0 | T16: 0 | U16: 0 | V16: 0 | W16: 0
A17: 1201 | B17: New Zealand | C17: 7470 | D17: 8350 | E17: 11170 | F17: 13480 | G17: 10700 | H17: 6090 | I17: 10910 | J17: 12140 | K17: 8360 | L17: 2050 | M17: -240 | N17: -50 | O17: 660 | P17: 1050 | Q17: 1190 | R17: -150 | S17: -1470 | T17: 2200 | U17: 5250 | V17: 8710 | W17: 9890
A18: 1301 | B18: New Caledonia | C18: 40 | D18: 0 | E18: 30 | F18: 40 | G18: 50 | H18: 50 | I18: 10 | J18: 10 | K18: -10 | L18: 0 | M18: 10 | N18: 20 | O18: 30 | P18: 10 | Q18: 0 | R18: 20 | S18: 0 | T18: 30 | U18: 40 | V18: 90 | W18: 140
A19: 1302 | B19: PNG | C19: 320 | D19: 460 | E19: 490 | F19: 640 | G19: 580 | H19: 560 | I19: 570 | J19: 520 | K19: 520 | L19: 500 | M19: 350 | N19: 520 | O19: 450 | P19: 250 | Q19: 280 | R19: 410 | S19: -120 | T19: 460 | U19: 950 | V19: 1190 | W19: 860
A20: 1303 | B20: Solomon Islands | C20: 90 | D20: 40 | E20: 50 | F20: 40 | G20: 70 | H20: 10 | I20: 70 | J20: 60 | K20: 80 | L20: 20 | M20: 50 | N20: 80 | O20: 80 | P20: 50 | Q20: 30 | R20: 110 | S20: 540 | T20: 1120 | U20: 540 | V20: 240 | W20: 240
A21: 1304 | B21: Vanuatu | C21: -10 | D21: 20 | E21: 10 | F21: 20 | G21: 10 | H21: 10 | I21: 0 | J21: 30 | K21: 30 | L21: 10 | M21: 10 | N21: 30 | O21: 20 | P21: -20 | Q21: 90 | R21: 600 | S21: 410 | T21: 410 | U21: 270 | V21: 240 | W21: 430
A22: 1401 | B22: Guam | C22: 0 | D22: -10 | E22: 0 | F22: 0 | G22: 10 | H22: 0 | I22: 0 | J22: 0 | K22: 0 | L22: 0 | M22: 0 | N22: 0 | O22: 0 | P22: 0 | Q22: 0 | R22: 0 | S22: 0 | T22: 0 | U22: 0 | V22: 0 | W22: 0
A23: 1402 | B23: Kiribati | C23: 10 | D23: 0 | E23: 10 | F23: 20 | G23: 30 | H23: 40 | I23: 0 | J23: 0 | K23: 10 | L23: -10 | M23: 0 | N23: 10 | O23: 40 | P23: 40 | Q23: 30 | R23: 20 | S23: -10 | T23: 70 | U23: 180 | V23: 250 | W23: 20
A24: 1403 | B24: Marshall Is | C24: 0 | D24: -10 | E24: 0 | F24: 0 | G24: 0 | H24: 0 | I24: 0 | J24: 0 | K24: 0 | L24: 0 | M24: 0 | N24: 0 | O24: 0 | P24: 0 | Q24: 0 | R24: 0 | S24: 0 | T24: 0 | U24: 10 | V24: 0 | W24: 0
A25: 1404 | B25: Micronesia, F S | C25: 10 | D25: 0 | E25: 0 | F25: 0 | G25: 0 | H25: 0 | I25: 0 | J25: 0 | K25: 0 | L25: 0 | M25: 0 | N25: 0 | O25: 0 | P25: 0 | Q25: 0 | R25: 0 | S25: 0 | T25: 0 | U25: 0 | V25: 0 | W25: 0
... A262: 9299 | B262: S & E Afr, nec | C262: 0 | D262: 0 | E262: 0 | F262: 0 | G262: 0 | H262: 0 | I262: 0 | J262: 0 | K262: 0 | L262: 0 | M262: 0 | N262: 0 | O262: 0 | P262: 0 | Q262: 0 | R262: 0 | S262: 0 | T262: 0 | U262: 0 | V262: 0 | W262: 0
A263: 0000 | B263: Inadequately Described | C263: 0 | D263: 0 | E263: 0 | F263: 0 | G263: 0 | H263: 0 | I263: 0 | J263: 0 | K263: 0 | L263: 0 | M263: 0 | N263: 0 | O263: 0 | P263: 0 | Q263: 0 | R263: 0 | S263: 0 | T263: 0 | U263: 0 | V263: 0 | W263: 0
B265: Total Australian-born | C265: -3370 | D265: -2810 | E265: -1100 | F265: -1970 | G265: -220 | H265: -60 | I265: -1210 | J265: -1130 | K265: -1700 | L265: -3990 | M265: -5160 | N265: -4200 | O265: -3110 | P265: -2960 | Q265: -2620 | R265: 4340 | S265: 520 | T265: -1810 | U265: -5070 | V265: -4430 | W265: -2990
B266: Total overseas-born | C266: 30080 | D266: 35530 | E266: 47240 | F266: 55880 | G266: 59540 | H266: 35880 | I266: 35840 | J266: 47670 | K266: 43530 | L266: 31200 | M266: 25600 | N266: 29150 | O266: 37180 | P266: 30700 | Q266: 34370 | R266: 23630 | S266: -13380 | T266: 32370 | U266: 91690 | V266: 76160 | W266: 58730
B268: Total | C268: 26710 | D268: 32730 | E268: 46150 | F268: 53910 | G268: 59320 | H268: 35820 | I268: 34630 | J268: 46540 | K268: 41830 | L268: 27220 | M268: 20430 | N268: 24950 | O268: 34080 | P268: 27740 | Q268: 31750 | R268: 27970 | S268: -12860 | T268: 30560 | U268: 86630 | V268: 71730 | W268: 55740
A270: © Commonwealth of Australia 2025

Sheet Table 1.5
A1: Australian Bureau of Statistics
A2: =Contents!A2 -> 34070DO001_202425 Overseas Migration, 2024-25
A3: =Contents!A3 -> Net overseas migration by country of birth, state/territory - financial years, 2004-05 to 2024-25
A4: =Contents!A4 -> Released at 11:30 am (Canberra time) 19 December 2025
A6: (a) The net overseas migration (NOM) estimates in this table use the 12/16 month rule methodology for calculating NOM. They have not been used in compiling Australia's official estimated resident population (ERP) until September quarter 2006 and onwards.
A7: (b) To confidentialise, estimates have been rounded to the nearest 10. As a result, sums of the components may not add exactly to totals. Calculations made on rounded data may differ to those published.
A8: (c) Country classification and codes are from the:
A9: Standard Australian Classification of Countries (SACC), 2016 (cat. no. 1269.0)
A10: (d) Estimates for 2024-25 are preliminary and will be subject to future revisions. Preliminary estimates are based on outputs from a propensity model rather than the actual migration outcomes of each traveller. Care should be taken when using preliminary NOM cells with smaller values as these may be subject to proportionally larger revisions.
A11: (e) From 2016, Norfolk Island has been included in Australia's population following the Norfolk Island Legislation Amendment Act 2015. For 2016-17 onwards, Norfolk Island has been included in the Australian-born total.
A12: Table 1.5 Net overseas migration by country of birth, South Australia, 2004-05 to 2024-25(a)(b)
A13: SACC code(c) | B13: Country of birth(c) | C13: 2004-05 | D13: 2005-06 | E13: 2006-07 | F13: 2007-08 | G13: 2008-09 | H13: 2009-10 | I13: 2010-11 | J13: 2011-12 | K13: 2012-13 | L13: 2013-14 | M13: 2014-15 | N13: 2015-16 | O13: 2016-17 | P13: 2017-18 | Q13: 2018-19 | R13: 2019-20 | S13: 2020-21 | T13: 2021-22 | U13: 2022-23 | V13: 2023-24 | W13: 2024-25(d)
A14: 1101 | B14: Australia | C14: -950 | D14: -440 | E14: -380 | F14: -550 | G14: 350 | H14: -20 | I14: -330 | J14: -430 | K14: -420 | L14: -640 | M14: -1040 | N14: -940 | O14: -670 | P14: -550 | Q14: -320 | R14: 1410 | S14: 450 | T14: -310 | U14: -1250 | V14: -1130 | W14: -810
A15: 1102 | B15: Norfolk Island(e) | C15: 0 | D15: 0 | E15: 0 | F15: 0 | G15: 0 | H15: 0 | I15: 0 | J15: 0 | K15: 0 | L15: 0 | M15: 0 | N15: 0 | O15: 0 | P15: 0 | Q15: 0 | R15: 0 | S15: 0 | T15: 0 | U15: 0 | V15: 0 | W15: 0
A16: 1199 | B16: Aust E T, nec | C16: 0 | D16: 0 | E16: 0 | F16: 0 | G16: 0 | H16: 0 | I16: 0 | J16: 0 | K16: 0 | L16: 0 | M16: 0 | N16: 0 | O16: 0 | P16: 0 | Q16: 0 | R16: 0 | S16: 0 | T16: 0 | U16: 0 | V16: 0 | W16: 0
A17: 1201 | B17: New Zealand | C17: 320 | D17: 350 | E17: 320 | F17: 480 | G17: 450 | H17: 310 | I17: 510 | J17: 600 | K17: 340 | L17: 50 | M17: -60 | N17: -20 | O17: 30 | P17: 70 | Q17: 50 | R17: -20 | S17: -30 | T17: 110 | U17: 320 | V17: 460 | W17: 520
A18: 1301 | B18: New Caledonia | C18: 0 | D18: 0 | E18: 0 | F18: 0 | G18: 0 | H18: 0 | I18: 0 | J18: 0 | K18: 0 | L18: 0 | M18: 0 | N18: 0 | O18: 0 | P18: 0 | Q18: 10 | R18: 0 | S18: 0 | T18: 10 | U18: 0 | V18: 0 | W18: 0
A19: 1302 | B19: PNG | C19: 20 | D19: 20 | E19: 0 | F19: 10 | G19: 20 | H19: 30 | I19: 0 | J19: 10 | K19: -10 | L19: 20 | M19: 20 | N19: 10 | O19: 10 | P19: -10 | Q19: 10 | R19: 30 | S19: -10 | T19: 80 | U19: 80 | V19: 60 | W19: 10
A20: 1303 | B20: Solomon Islands | C20: 10 | D20: 0 | E20: 10 | F20: 10 | G20: -10 | H20: 0 | I20: -10 | J20: 0 | K20: 0 | L20: 0 | M20: 0 | N20: 0 | O20: 0 | P20: 10 | Q20: 0 | R20: 20 | S20: -10 | T20: 10 | U20: 70 | V20: 10 | W20: 50
A21: 1304 | B21: Vanuatu | C21: 0 | D21: 0 | E21: 0 | F21: 0 | G21: 0 | H21: 10 | I21: 0 | J21: -10 | K21: 10 | L21: -10 | M21: 0 | N21: 0 | O21: 0 | P21: 0 | Q21: 20 | R21: 230 | S21: 190 | T21: 70 | U21: -90 | V21: -30 | W21: 120
A22: 1401 | B22: Guam | C22: 0 | D22: 0 | E22: 0 | F22: 0 | G22: 0 | H22: 0 | I22: 0 | J22: 0 | K22: 0 | L22: 0 | M22: 0 | N22: 0 | O22: 0 | P22: 0 | Q22: 0 | R22: 0 | S22: 0 | T22: 0 | U22: 0 | V22: 0 | W22: 0
A23: 1402 | B23: Kiribati | C23: 0 | D23: 0 | E23: 0 | F23: 0 | G23: 0 | H23: 0 | I23: 0 | J23: 0 | K23: 0 | L23: 0 | M23: 0 | N23: 0 | O23: 0 | P23: 30 | Q23: 10 | R23: -10 | S23: 130 | T23: 90 | U23: 20 | V23: 10 | W23: 20
A24: 1403 | B24: Marshall Is | C24: 0 | D24: 0 | E24: 0 | F24: 0 | G24: 0 | H24: 0 | I24: 0 | J24: 0 | K24: 0 | L24: 0 | M24: 0 | N24: 0 | O24: 0 | P24: 0 | Q24: 0 | R24: 0 | S24: 0 | T24: 0 | U24: 0 | V24: 0 | W24: 0
A25: 1404 | B25: Micronesia, F S | C25: 0 | D25: 0 | E25: 0 | F25: 0 | G25: 0 | H25: 0 | I25: 0 | J25: 0 | K25: 0 | L25: 0 | M25: 0 | N25: 0 | O25: 0 | P25: 0 | Q25: 0 | R25: 0 | S25: 0 | T25: 0 | U25: 0 | V25: 0 | W25: 0
... A262: 9299 | B262: S & E Afr, nec | C262: 0 | D262: 0 | E262: 0 | F262: 0 | G262: 0 | H262: 0 | I262: 0 | J262: 0 | K262: 0 | L262: 0 | M262: 0 | N262: 0 | O262: 0 | P262: 0 | Q262: 0 | R262: 0 | S262: 0 | T262: 0 | U262: 0 | V262: 0 | W262: 0
A263: 0000 | B263: Inadequately Described | C263: 0 | D263: 0 | E263: 0 | F263: 0 | G263: 0 | H263: 0 | I263: 0 | J263: 0 | K263: 0 | L263: 0 | M263: 0 | N263: 0 | O263: 0 | P263: 0 | Q263: 0 | R263: 0 | S263: 0 | T263: 0 | U263: 0 | V263: 0 | W263: 0
B265: Total Australian-born | C265: -950 | D265: -440 | E265: -380 | F265: -550 | G265: 350 | H265: -20 | I265: -330 | J265: -430 | K265: -420 | L265: -640 | M265: -1040 | N265: -940 | O265: -670 | P265: -550 | Q265: -320 | R265: 1410 | S265: 450 | T265: -310 | U265: -1250 | V265: -1130 | W265: -810
B266: Total overseas-born | C266: 9500 | D266: 12300 | E266: 15010 | F266: 15880 | G266: 17660 | H266: 14560 | I266: 9500 | J266: 12790 | K266: 12100 | L266: 12280 | M266: 12190 | N266: 12220 | O266: 12840 | P266: 13270 | Q266: 15460 | R266: 13520 | S266: -3280 | T266: 14810 | U266: 30600 | V266: 24480 | W266: 19540
B268: Total | C268: 8550 | D268: 11870 | E268: 14630 | F268: 15330 | G268: 18010 | H268: 14540 | I268: 9170 | J268: 12360 | K268: 11680 | L268: 11640 | M268: 11150 | N268: 11280 | O268: 12180 | P268: 12720 | Q268: 15140 | R268: 14930 | S268: -2830 | T268: 14500 | U268: 29340 | V268: 23350 | W268: 18730
A270: © Commonwealth of Australia 2025

Sheet Table 1.6
A1: Australian Bureau of Statistics
A2: =Contents!A2 -> 34070DO001_202425 Overseas Migration, 2024-25
A3: =Contents!A3 -> Net overseas migration by country of birth, state/territory - financial years, 2004-05 to 2024-25
A4: =Contents!A4 -> Released at 11:30 am (Canberra time) 19 December 2025
A6: (a) The net overseas migration (NOM) estimates in this table use the 12/16 month rule methodology for calculating NOM. They have not been used in compiling Australia's official estimated resident population (ERP) until September quarter 2006 and onwards.
A7: (b) To confidentialise, estimates have been rounded to the nearest 10. As a result, sums of the components may not add exactly to totals. Calculations made on rounded data may differ to those published.
A8: (c) Country classification and codes are from the:
A9: Standard Australian Classification of Countries (SACC), 2016 (cat. no. 1269.0)
A10: (d) Estimates for 2024-25 are preliminary and will be subject to future revisions. Preliminary estimates are based on outputs from a propensity model rather than the actual migration outcomes of each traveller. Care should be taken when using preliminary NOM cells with smaller values as these may be subject to proportionally larger revisions.
A11: (e) From 2016, Norfolk Island has been included in Australia's population following the Norfolk Island Legislation Amendment Act 2015. For 2016-17 onwards, Norfolk Island has been included in the Australian-born total.
A12: Table 1.6 Net overseas migration by country of birth, Western Australia, 2004-05 to 2024-25(a)(b)
A13: SACC code(c) | B13: Country of birth(c) | C13: 2004-05 | D13: 2005-06 | E13: 2006-07 | F13: 2007-08 | G13: 2008-09 | H13: 2009-10 | I13: 2010-11 | J13: 2011-12 | K13: 2012-13 | L13: 2013-14 | M13: 2014-15 | N13: 2015-16 | O13: 2016-17 | P13: 2017-18 | Q13: 2018-19 | R13: 2019-20 | S13: 2020-21 | T13: 2021-22 | U13: 2022-23 | V13: 2023-24 | W13: 2024-25(d)
A14: 1101 | B14: Australia | C14: -1510 | D14: -1040 | E14: -1130 | F14: -1000 | G14: 120 | H14: -350 | I14: -240 | J14: -840 | K14: -910 | L14: -2760 | M14: -2870 | N14: -3290 | O14: -2630 | P14: -2000 | Q14: -1240 | R14: 2050 | S14: 350 | T14: -1290 | U14: -2510 | V14: -1950 | W14: -2010
A15: 1102 | B15: Norfolk Island(e) | C15: 0 | D15: 0 | E15: 0 | F15: 0 | G15: 0 | H15: 0 | I15: 0 | J15: 0 | K15: 0 | L15: 0 | M15: 0 | N15: 0 | O15: 0 | P15: 0 | Q15: 0 | R15: 0 | S15: 0 | T15: 0 | U15: 0 | V15: 0 | W15: 0
A16: 1199 | B16: Aust E T, nec | C16: 0 | D16: 0 | E16: 0 | F16: 0 | G16: 0 | H16: 0 | I16: 0 | J16: 0 | K16: 0 | L16: 0 | M16: 0 | N16: 0 | O16: 0 | P16: 0 | Q16: 0 | R16: 0 | S16: 0 | T16: 0 | U16: 0 | V16: 0 | W16: 0
A17: 1201 | B17: New Zealand | C17: 1750 | D17: 2250 | E17: 2950 | F17: 5100 | G17: 4430 | H17: 2740 | I17: 5780 | J17: 9020 | K17: 5770 | L17: 570 | M17: -1160 | N17: -2180 | O17: -2040 | P17: -790 | Q17: -230 | R17: -240 | S17: -700 | T17: 920 | U17: 3260 | V17: 3920 | W17: 3650
A18: 1301 | B18: New Caledonia | C18: 10 | D18: 0 | E18: 0 | F18: 0 | G18: 0 | H18: 0 | I18: 0 | J18: 0 | K18: 0 | L18: 0 | M18: 0 | N18: 0 | O18: 0 | P18: 0 | Q18: 0 | R18: 0 | S18: 0 | T18: 0 | U18: 10 | V18: 10 | W18: 30
A19: 1302 | B19: PNG | C19: 20 | D19: 100 | E19: 140 | F19: 170 | G19: 120 | H19: 70 | I19: 60 | J19: 140 | K19: 110 | L19: 20 | M19: 0 | N19: -10 | O19: -10 | P19: 20 | Q19: 30 | R19: 60 | S19: 0 | T19: 130 | U19: 270 | V19: 120 | W19: 120
A20: 1303 | B20: Solomon Islands | C20: 10 | D20: 10 | E20: 0 | F20: 10 | G20: 0 | H20: 0 | I20: 10 | J20: 0 | K20: 0 | L20: 10 | M20: 10 | N20: -10 | O20: -10 | P20: 0 | Q20: 0 | R20: 10 | S20: 0 | T20: 10 | U20: 150 | V20: 30 | W20: 0
A21: 1304 | B21: Vanuatu | C21: 0 | D21: 0 | E21: 0 | F21: 0 | G21: 0 | H21: 10 | I21: 0 | J21: 0 | K21: 10 | L21: 0 | M21: 0 | N21: 0 | O21: 0 | P21: 0 | Q21: 20 | R21: 160 | S21: 280 | T21: 480 | U21: 40 | V21: 40 | W21: 20
A22: 1401 | B22: Guam | C22: 0 | D22: 0 | E22: 0 | F22: 0 | G22: 0 | H22: 0 | I22: 0 | J22: 0 | K22: 0 | L22: 0 | M22: 0 | N22: 0 | O22: 0 | P22: 0 | Q22: 0 | R22: 0 | S22: 0 | T22: 0 | U22: 0 | V22: 0 | W22: 0
A23: 1402 | B23: Kiribati | C23: 0 | D23: 0 | E23: 0 | F23: 0 | G23: 10 | H23: 0 | I23: 0 | J23: 0 | K23: 0 | L23: 0 | M23: 0 | N23: 0 | O23: 0 | P23: 0 | Q23: 0 | R23: 0 | S23: 0 | T23: 0 | U23: 0 | V23: 50 | W23: 10
A24: 1403 | B24: Marshall Is | C24: 0 | D24: 0 | E24: 0 | F24: 0 | G24: 0 | H24: 0 | I24: 0 | J24: 0 | K24: 0 | L24: 0 | M24: 0 | N24: 0 | O24: 0 | P24: 0 | Q24: 0 | R24: 0 | S24: 0 | T24: 0 | U24: 0 | V24: 0 | W24: 0
A25: 1404 | B25: Micronesia, F S | C25: 0 | D25: 0 | E25: 0 | F25: 0 | G25: 0 | H25: 0 | I25: 0 | J25: 0 | K25: 0 | L25: 0 | M25: 0 | N25: 0 | O25: 0 | P25: 0 | Q25: 0 | R25: 0 | S25: 0 | T25: 0 | U25: 0 | V25: 0 | W25: 0
... A262: 9299 | B262: S & E Afr, nec | C262: 0 | D262: 0 | E262: 0 | F262: 0 | G262: 0 | H262: 0 | I262: 0 | J262: 0 | K262: 0 | L262: 0 | M262: 0 | N262: 0 | O262: 0 | P262: 0 | Q262: 0 | R262: 0 | S262: 0 | T262: 0 | U262: 0 | V262: 0 | W262: 0
A263: 0000 | B263: Inadequately Described | C263: 0 | D263: 0 | E263: 0 | F263: 0 | G263: 0 | H263: 0 | I263: 0 | J263: 0 | K263: 0 | L263: 0 | M263: 0 | N263: 0 | O263: 0 | P263: 0 | Q263: 0 | R263: 0 | S263: 0 | T263: 0 | U263: 0 | V263: 0 | W263: 0
B265: Total Australian-born | C265: -1510 | D265: -1040 | E265: -1130 | F265: -1000 | G265: 120 | H265: -350 | I265: -240 | J265: -840 | K265: -910 | L265: -2760 | M265: -2870 | N265: -3290 | O265: -2630 | P265: -2000 | Q265: -1240 | R265: 2050 | S265: 350 | T265: -1290 | U265: -2510 | V265: -1950 | W265: -2010
B266: Total overseas-born | C266: 20700 | D266: 26550 | E266: 32510 | F266: 42170 | G266: 44210 | H266: 29220 | I266: 36660 | J266: 51620 | K266: 43050 | L266: 21510 | M266: 16940 | N266: 14910 | O266: 14640 | P266: 13980 | Q266: 18720 | R266: 23110 | S266: -5420 | T266: 17000 | U266: 69250 | V266: 61220 | W266: 42420
B268: Total | C268: 19190 | D268: 25510 | E268: 31380 | F268: 41180 | G268: 44330 | H268: 28870 | I268: 36430 | J268: 50780 | K268: 42140 | L268: 18750 | M268: 14070 | N268: 11620 | O268: 12010 | P268: 11980 | Q268: 17480 | R268: 25170 | S268: -5070 | T268: 15720 | U268: 66740 | V268: 59270 | W268: 40410
A270: © Commonwealth of Australia 2025

Sheet Table 1.7
A1: Australian Bureau of Statistics
A2: =Contents!A2 -> 34070DO001_202425 Overseas Migration, 2024-25
A3: =Contents!A3 -> Net overseas migration by country of birth, state/territory - financial years, 2004-05 to 2024-25
A4: =Contents!A4 -> Released at 11:30 am (Canberra time) 19 December 2025
A6: (a) The net overseas migration (NOM) estimates in this table use the 12/16 month rule methodology for calculating NOM. They have not been used in compiling Australia's official estimated resident population (ERP) until September quarter 2006 and onwards.
A7: (b) To confidentialise, estimates have been rounded to the nearest 10. As a result, sums of the components may not add exactly to totals. Calculations made on rounded data may differ to those published.
A8: (c) Country classification and codes are from the:
A9: Standard Australian Classification of Countries (SACC), 2016 (cat. no. 1269.0)
A10: (d) Estimates for 2024-25 are preliminary and will be subject to future revisions. Preliminary estimates are based on outputs from a propensity model rather than the actual migration outcomes of each traveller. Care should be taken when using preliminary NOM cells with smaller values as these may be subject to proportionally larger revisions.
A11: (e) From 2016, Norfolk Island has been included in Australia's population following the Norfolk Island Legislation Amendment Act 2015. For 2016-17 onwards, Norfolk Island has been included in the Australian-born total.
A12: Table 1.7 Net overseas migration by country of birth, Tasmania, 2004-05 to 2024-25(a)(b)
A13: SACC code(c) | B13: Country of birth(c) | C13: 2004-05 | D13: 2005-06 | E13: 2006-07 | F13: 2007-08 | G13: 2008-09 | H13: 2009-10 | I13: 2010-11 | J13: 2011-12 | K13: 2012-13 | L13: 2013-14 | M13: 2014-15 | N13: 2015-16 | O13: 2016-17 | P13: 2017-18 | Q13: 2018-19 | R13: 2019-20 | S13: 2020-21 | T13: 2021-22 | U13: 2022-23 | V13: 2023-24 | W13: 2024-25(d)
A14: 1101 | B14: Australia | C14: -160 | D14: -100 | E14: -190 | F14: -80 | G14: 70 | H14: 20 | I14: -50 | J14: -90 | K14: -100 | L14: -30 | M14: -220 | N14: -80 | O14: -120 | P14: -60 | Q14: -30 | R14: 490 | S14: 40 | T14: 10 | U14: -250 | V14: -210 | W14: -250
A15: 1102 | B15: Norfolk Island(e) | C15: 0 | D15: 0 | E15: 0 | F15: 0 | G15: 0 | H15: 0 | I15: 0 | J15: 0 | K15: 0 | L15: 0 | M15: 0 | N15: 0 | O15: 0 | P15: 0 | Q15: 0 | R15: 0 | S15: 0 | T15: 0 | U15: 0 | V15: 0 | W15: 0
A16: 1199 | B16: Aust E T, nec | C16: 0 | D16: 0 | E16: 0 | F16: 0 | G16: 0 | H16: 0 | I16: 0 | J16: 0 | K16: 0 | L16: 0 | M16: 0 | N16: 0 | O16: 0 | P16: 0 | Q16: 0 | R16: 0 | S16: 0 | T16: 0 | U16: 0 | V16: 0 | W16: 0
A17: 1201 | B17: New Zealand | C17: 20 | D17: 70 | E17: 80 | F17: 110 | G17: 130 | H17: 80 | I17: 40 | J17: 100 | K17: 90 | L17: 0 | M17: -20 | N17: -10 | O17: 10 | P17: 10 | Q17: 20 | R17: 40 | S17: -20 | T17: 50 | U17: 30 | V17: 100 | W17: 160
A18: 1301 | B18: New Caledonia | C18: 0 | D18: 0 | E18: 0 | F18: 0 | G18: 0 | H18: 0 | I18: 0 | J18: 0 | K18: 0 | L18: 0 | M18: 0 | N18: 0 | O18: 0 | P18: 0 | Q18: 0 | R18: 0 | S18: 0 | T18: 0 | U18: 0 | V18: 0 | W18: 0
A19: 1302 | B19: PNG | C19: 10 | D19: 10 | E19: 0 | F19: 10 | G19: 0 | H19: -10 | I19: 0 | J19: 0 | K19: 0 | L19: 0 | M19: 0 | N19: 0 | O19: 0 | P19: -10 | Q19: 0 | R19: 10 | S19: 0 | T19: 0 | U19: 110 | V19: 30 | W19: 40
A20: 1303 | B20: Solomon Islands | C20: 0 | D20: 0 | E20: 0 | F20: 10 | G20: 0 | H20: 0 | I20: 0 | J20: 0 | K20: 0 | L20: 0 | M20: 0 | N20: 0 | O20: 0 | P20: 0 | Q20: 0 | R20: 0 | S20: 20 | T20: 40 | U20: 30 | V20: 120 | W20: 20
A21: 1304 | B21: Vanuatu | C21: 0 | D21: 0 | E21: 0 | F21: 0 | G21: 0 | H21: 0 | I21: 0 | J21: 0 | K21: 0 | L21: 0 | M21: 0 | N21: 0 | O21: 0 | P21: 0 | Q21: 10 | R21: 190 | S21: 140 | T21: 350 | U21: -40 | V21: -30 | W21: -10
A22: 1401 | B22: Guam | C22: 0 | D22: 0 | E22: 0 | F22: 0 | G22: 0 | H22: 0 | I22: 0 | J22: 0 | K22: 0 | L22: 0 | M22: 0 | N22: 0 | O22: 0 | P22: 0 | Q22: 0 | R22: 0 | S22: 0 | T22: 0 | U22: 0 | V22: 0 | W22: 0
A23: 1402 | B23: Kiribati | C23: 0 | D23: 0 | E23: 0 | F23: 0 | G23: 0 | H23: 0 | I23: 0 | J23: 0 | K23: 0 | L23: 0 | M23: 0 | N23: 0 | O23: 0 | P23: 10 | Q23: 0 | R23: 20 | S23: 10 | T23: 0 | U23: 30 | V23: 20 | W23: 10
A24: 1403 | B24: Marshall Is | C24: 0 | D24: 0 | E24: 0 | F24: 0 | G24: 0 | H24: 0 | I24: 0 | J24: 0 | K24: 0 | L24: 0 | M24: 0 | N24: 0 | O24: 0 | P24: 0 | Q24: 0 | R24: 0 | S24: 0 | T24: 0 | U24: 0 | V24: 0 | W24: 0
A25: 1404 | B25: Micronesia, F S | C25: 0 | D25: 0 | E25: 0 | F25: 0 | G25: 0 | H25: 0 | I25: 0 | J25: 0 | K25: 0 | L25: 0 | M25: 0 | N25: 0 | O25: 0 | P25: 0 | Q25: 0 | R25: 0 | S25: 0 | T25: 0 | U25: 0 | V25: 0 | W25: 0
... A262: 9299 | B262: S & E Afr, nec | C262: 0 | D262: 0 | E262: 0 | F262: 0 | G262: 0 | H262: 0 | I262: 0 | J262: 0 | K262: 0 | L262: 0 | M262: 0 | N262: 0 | O262: 0 | P262: 0 | Q262: 0 | R262: 0 | S262: 0 | T262: 0 | U262: 0 | V262: 0 | W262: 0
A263: 0000 | B263: Inadequately Described | C263: 0 | D263: 0 | E263: 0 | F263: 0 | G263: 0 | H263: 0 | I263: 0 | J263: 0 | K263: 0 | L263: 0 | M263: 0 | N263: 0 | O263: 0 | P263: 0 | Q263: 0 | R263: 0 | S263: 0 | T263: 0 | U263: 0 | V263: 0 | W263: 0
B265: Total Australian-born | C265: -160 | D265: -100 | E265: -190 | F265: -80 | G265: 70 | H265: 20 | I265: -50 | J265: -90 | K265: -100 | L265: -30 | M265: -220 | N265: -80 | O265: -120 | P265: -60 | Q265: -30 | R265: 490 | S265: 40 | T265: 10 | U265: -250 | V265: -210 | W265: -250
B266: Total overseas-born | C266: 1400 | D266: 1450 | E266: 1630 | F266: 1920 | G266: 2060 | H266: 1660 | I266: 1040 | J266: 1620 | K266: 1710 | L266: 1830 | M266: 1750 | N266: 1850 | O266: 2460 | P266: 2860 | Q266: 3210 | R266: 3150 | S266: -350 | T266: 3420 | U266: 5050 | V266: 4360 | W266: 2970
B268: Total | C268: 1240 | D268: 1350 | E268: 1440 | F268: 1840 | G268: 2130 | H268: 1680 | I268: 990 | J268: 1520 | K268: 1620 | L268: 1800 | M268: 1520 | N268: 1770 | O268: 2340 | P268: 2800 | Q268: 3190 | R268: 3640 | S268: -320 | T268: 3440 | U268: 4800 | V268: 4140 | W268: 2720
A270: © Commonwealth of Australia 2025

Sheet Table 1.8
A1: Australian Bureau of Statistics
A2: =Contents!A2 -> 34070DO001_202425 Overseas Migration, 2024-25
A3: =Contents!A3 -> Net overseas migration by country of birth, state/territory - financial years, 2004-05 to 2024-25
A4: =Contents!A4 -> Released at 11:30 am (Canberra time) 19 December 2025
A6: (a) The net overseas migration (NOM) estimates in this table use the 12/16 month rule methodology for calculating NOM. They have not been used in compiling Australia's official estimated resident population (ERP) until September quarter 2006 and onwards.
A7: (b) To confidentialise, estimates have been rounded to the nearest 10. As a result, sums of the components may not add exactly to totals. Calculations made on rounded data may differ to those published.
A8: (c) Country classification and codes are from the:
A9: Standard Australian Classification of Countries (SACC), 2016 (cat. no. 1269.0)
A10: (d) Estimates for 2024-25 are preliminary and will be subject to future revisions. Preliminary estimates are based on outputs from a propensity model rather than the actual migration outcomes of each traveller. Care should be taken when using preliminary NOM cells with smaller values as these may be subject to proportionally larger revisions.
A11: (e) From 2016, Norfolk Island has been included in Australia's population following the Norfolk Island Legislation Amendment Act 2015. For 2016-17 onwards, Norfolk Island has been included in the Australian-born total.
A12: Table 1.8 Net overseas migration by country of birth, Northern Territory, 2004-05 to 2024-25(a)(b)
A13: SACC code(c) | B13: Country of birth(c) | C13: 2004-05 | D13: 2005-06 | E13: 2006-07 | F13: 2007-08 | G13: 2008-09 | H13: 2009-10 | I13: 2010-11 | J13: 2011-12 | K13: 2012-13 | L13: 2013-14 | M13: 2014-15 | N13: 2015-16 | O13: 2016-17 | P13: 2017-18 | Q13: 2018-19 | R13: 2019-20 | S13: 2020-21 | T13: 2021-22 | U13: 2022-23 | V13: 2023-24 | W13: 2024-25(d)
A14: 1101 | B14: Australia | C14: -180 | D14: -270 | E14: -10 | F14: -160 | G14: -10 | H14: -130 | I14: -250 | J14: -100 | K14: -70 | L14: -210 | M14: -150 | N14: -230 | O14: -200 | P14: -300 | Q14: -340 | R14: -160 | S14: -60 | T14: -130 | U14: -250 | V14: -280 | W14: -240
A15: 1102 | B15: Norfolk Island(e) | C15: 0 | D15: 0 | E15: 0 | F15: 0 | G15: 0 | H15: 0 | I15: 0 | J15: 0 | K15: 0 | L15: 0 | M15: 0 | N15: 0 | O15: 0 | P15: 0 | Q15: 0 | R15: 0 | S15: 0 | T15: 0 | U15: 0 | V15: 0 | W15: 0
A16: 1199 | B16: Aust E T, nec | C16: 0 | D16: 0 | E16: 0 | F16: 0 | G16: 0 | H16: 0 | I16: 0 | J16: 0 | K16: 0 | L16: 0 | M16: 0 | N16: 0 | O16: 0 | P16: 0 | Q16: 0 | R16: 0 | S16: 0 | T16: 0 | U16: 0 | V16: 0 | W16: 0
A17: 1201 | B17: New Zealand | C17: 120 | D17: 70 | E17: 20 | F17: 60 | G17: 110 | H17: 10 | I17: 180 | J17: 350 | K17: 320 | L17: 70 | M17: -50 | N17: -90 | O17: -70 | P17: -40 | Q17: -30 | R17: -80 | S17: -80 | T17: -20 | U17: 40 | V17: 200 | W17: 180
A18: 1301 | B18: New Caledonia | C18: 0 | D18: 0 | E18: 0 | F18: 0 | G18: 0 | H18: 0 | I18: 10 | J18: 0 | K18: 10 | L18: 0 | M18: 0 | N18: 0 | O18: 0 | P18: 0 | Q18: 0 | R18: 0 | S18: 0 | T18: 0 | U18: 0 | V18: 0 | W18: 0
A19: 1302 | B19: PNG | C19: 10 | D19: 20 | E19: 20 | F19: 20 | G19: 30 | H19: 0 | I19: 20 | J19: 10 | K19: 20 | L19: 10 | M19: 0 | N19: 20 | O19: 10 | P19: 0 | Q19: -10 | R19: -20 | S19: 0 | T19: 10 | U19: 20 | V19: 30 | W19: 10
A20: 1303 | B20: Solomon Islands | C20: 10 | D20: 0 | E20: 0 | F20: 0 | G20: 0 | H20: 0 | I20: 0 | J20: 0 | K20: 10 | L20: 0 | M20: 0 | N20: 0 | O20: 0 | P20: 0 | Q20: 0 | R20: 0 | S20: 0 | T20: 20 | U20: 0 | V20: 10 | W20: 10
A21: 1304 | B21: Vanuatu | C21: 0 | D21: 0 | E21: 0 | F21: 0 | G21: 0 | H21: 10 | I21: 10 | J21: 0 | K21: 0 | L21: 0 | M21: 0 | N21: 0 | O21: 0 | P21: 0 | Q21: 0 | R21: 60 | S21: 180 | T21: 210 | U21: -20 | V21: -10 | W21: 20
A22: 1401 | B22: Guam | C22: 0 | D22: 0 | E22: 0 | F22: 0 | G22: 0 | H22: 0 | I22: 0 | J22: 0 | K22: 0 | L22: 0 | M22: 0 | N22: 0 | O22: 0 | P22: 0 | Q22: 0 | R22: 0 | S22: 0 | T22: 0 | U22: 0 | V22: 0 | W22: 0
A23: 1402 | B23: Kiribati | C23: 0 | D23: 0 | E23: 0 | F23: 0 | G23: 0 | H23: 0 | I23: 0 | J23: 0 | K23: 0 | L23: 0 | M23: 0 | N23: 0 | O23: 0 | P23: 0 | Q23: 0 | R23: 0 | S23: 0 | T23: 0 | U23: 10 | V23: 0 | W23: 0
A24: 1403 | B24: Marshall Is | C24: 0 | D24: 0 | E24: 0 | F24: 0 | G24: 0 | H24: 0 | I24: 0 | J24: 0 | K24: 0 | L24: 0 | M24: 0 | N24: 0 | O24: 0 | P24: 0 | Q24: 0 | R24: 0 | S24: 0 | T24: 0 | U24: 0 | V24: 0 | W24: 0
A25: 1404 | B25: Micronesia, F S | C25: 0 | D25: 0 | E25: 0 | F25: 0 | G25: 0 | H25: 0 | I25: 0 | J25: 0 | K25: 0 | L25: 0 | M25: 0 | N25: 0 | O25: 0 | P25: 0 | Q25: 0 | R25: 0 | S25: 0 | T25: 0 | U25: 0 | V25: 0 | W25: 0
... A262: 9299 | B262: S & E Afr, nec | C262: 0 | D262: 0 | E262: 0 | F262: 0 | G262: 0 | H262: 0 | I262: 0 | J262: 0 | K262: 0 | L262: 0 | M262: 0 | N262: 0 | O262: 0 | P262: 0 | Q262: 0 | R262: 0 | S262: 0 | T262: 0 | U262: 0 | V262: 0 | W262: 0
A263: 0000 | B263: Inadequately Described | C263: 0 | D263: 0 | E263: 0 | F263: 0 | G263: 0 | H263: 0 | I263: 0 | J263: 0 | K263: 0 | L263: 0 | M263: 0 | N263: 0 | O263: 0 | P263: 0 | Q263: 0 | R263: 0 | S263: 0 | T263: 0 | U263: 0 | V263: 0 | W263: 0
B265: Total Australian-born | C265: -180 | D265: -270 | E265: -10 | F265: -160 | G265: -10 | H265: -130 | I265: -250 | J265: -100 | K265: -70 | L265: -210 | M265: -150 | N265: -230 | O265: -200 | P265: -300 | Q265: -340 | R265: -160 | S265: -60 | T265: -130 | U265: -250 | V265: -280 | W265: -240
B266: Total overseas-born | C266: 1190 | D266: 910 | E266: 1170 | F266: 1790 | G266: 2110 | H266: 1360 | I266: 1350 | J266: 3430 | K266: 4420 | L266: 1960 | M266: 2500 | N266: 1280 | O266: 2040 | P266: 1060 | Q266: 1280 | R266: 450 | S266: -360 | T266: 2990 | U266: 4710 | V266: 4050 | W266: 3850
B268: Total | C268: 1010 | D268: 640 | E268: 1150 | F268: 1620 | G268: 2100 | H268: 1230 | I268: 1100 | J268: 3330 | K268: 4350 | L268: 1750 | M268: 2350 | N268: 1050 | O268: 1850 | P268: 760 | Q268: 930 | R268: 290 | S268: -420 | T268: 2850 | U268: 4470 | V268: 3770 | W268: 3610
A270: © Commonwealth of Australia 2025

Sheet Table 1.9
A1: Australian Bureau of Statistics
A2: =Contents!A2 -> 34070DO001_202425 Overseas Migration, 2024-25
A3: =Contents!A3 -> Net overseas migration by country of birth, state/territory - financial years, 2004-05 to 2024-25
A4: =Contents!A4 -> Released at 11:30 am (Canberra time) 19 December 2025
A6: (a) The net overseas migration (NOM) estimates in this table use the 12/16 month rule methodology for calculating NOM. They have not been used in compiling Australia's official estimated resident population (ERP) until September quarter 2006 and onwards.
A7: (b) To confidentialise, estimates have been rounded to the nearest 10. As a result, sums of the components may not add exactly to totals. Calculations made on rounded data may differ to those published.
A8: (c) Country classification and codes are from the:
A9: Standard Australian Classification of Countries (SACC), 2016 (cat. no. 1269.0)
A10: (d) Estimates for 2024-25 are preliminary and will be subject to future revisions. Preliminary estimates are based on outputs from a propensity model rather than the actual migration outcomes of each traveller. Care should be taken when using preliminary NOM cells with smaller values as these may be subject to proportionally larger revisions.
A11: (e) From 2016, Norfolk Island has been included in Australia's population following the Norfolk Island Legislation Amendment Act 2015. For 2016-17 onwards, Norfolk Island has been included in the Australian-born total.
A12: Table 1.9 Net overseas migration by country of birth, Australian Capital Territory, 2004-05 to 2024-25(a)(b)
A13: SACC code(c) | B13: Country of birth(c) | C13: 2004-05 | D13: 2005-06 | E13: 2006-07 | F13: 2007-08 | G13: 2008-09 | H13: 2009-10 | I13: 2010-11 | J13: 2011-12 | K13: 2012-13 | L13: 2013-14 | M13: 2014-15 | N13: 2015-16 | O13: 2016-17 | P13: 2017-18 | Q13: 2018-19 | R13: 2019-20 | S13: 2020-21 | T13: 2021-22 | U13: 2022-23 | V13: 2023-24 | W13: 2024-25(d)
A14: 1101 | B14: Australia | C14: -930 | D14: -700 | E14: -510 | F14: -680 | G14: -310 | H14: -240 | I14: -610 | J14: -180 | K14: -400 | L14: -760 | M14: -610 | N14: -500 | O14: -440 | P14: -220 | Q14: -220 | R14: 690 | S14: -330 | T14: -700 | U14: -770 | V14: -600 | W14: -430
A15: 1102 | B15: Norfolk Island(e) | C15: 0 | D15: 0 | E15: 0 | F15: 0 | G15: 0 | H15: 0 | I15: 0 | J15: 0 | K15: 0 | L15: 0 | M15: 0 | N15: 0 | O15: 0 | P15: 0 | Q15: 0 | R15: 0 | S15: 0 | T15: 0 | U15: 0 | V15: 0 | W15: 0
A16: 1199 | B16: Aust E T, nec | C16: 0 | D16: 0 | E16: 0 | F16: 0 | G16: 0 | H16: 0 | I16: 0 | J16: 0 | K16: 0 | L16: 0 | M16: 0 | N16: 0 | O16: 0 | P16: 0 | Q16: 0 | R16: 0 | S16: 0 | T16: 0 | U16: 0 | V16: 0 | W16: 0
A17: 1201 | B17: New Zealand | C17: 60 | D17: 70 | E17: 90 | F17: 140 | G17: 130 | H17: 90 | I17: 170 | J17: 280 | K17: 210 | L17: 50 | M17: 40 | N17: 60 | O17: 40 | P17: 100 | Q17: -30 | R17: 10 | S17: -30 | T17: -20 | U17: 110 | V17: 150 | W17: 170
A18: 1301 | B18: New Caledonia | C18: 0 | D18: 0 | E18: 0 | F18: 0 | G18: 0 | H18: 0 | I18: 0 | J18: 0 | K18: 0 | L18: 0 | M18: 0 | N18: 0 | O18: 0 | P18: 0 | Q18: 0 | R18: 0 | S18: 0 | T18: 0 | U18: 0 | V18: 0 | W18: 0
A19: 1302 | B19: PNG | C19: 0 | D19: 0 | E19: 0 | F19: 10 | G19: -20 | H19: -30 | I19: 0 | J19: 0 | K19: 40 | L19: 20 | M19: -40 | N19: 10 | O19: 10 | P19: -20 | Q19: -30 | R19: 10 | S19: -10 | T19: 20 | U19: 30 | V19: 0 | W19: 20
A20: 1303 | B20: Solomon Islands | C20: 10 | D20: -10 | E20: 0 | F20: 0 | G20: 0 | H20: 0 | I20: 0 | J20: 0 | K20: 10 | L20: -10 | M20: 0 | N20: 0 | O20: 0 | P20: 0 | Q20: 0 | R20: 0 | S20: 0 | T20: 0 | U20: 0 | V20: 10 | W20: 10
A21: 1304 | B21: Vanuatu | C21: 0 | D21: 10 | E21: 0 | F21: 0 | G21: -10 | H21: 10 | I21: -10 | J21: 0 | K21: 10 | L21: -10 | M21: 0 | N21: 0 | O21: 0 | P21: 0 | Q21: 0 | R21: 20 | S21: 0 | T21: 0 | U21: 0 | V21: 10 | W21: 0
A22: 1401 | B22: Guam | C22: 0 | D22: 0 | E22: 0 | F22: 0 | G22: 0 | H22: 0 | I22: 0 | J22: 0 | K22: 0 | L22: 0 | M22: 0 | N22: 0 | O22: 0 | P22: 0 | Q22: 0 | R22: 0 | S22: 0 | T22: 0 | U22: 0 | V22: 0 | W22: 0
A23: 1402 | B23: Kiribati | C23: 0 | D23: 0 | E23: 0 | F23: 0 | G23: 10 | H23: 0 | I23: -10 | J23: 0 | K23: 0 | L23: 10 | M23: 0 | N23: 0 | O23: 0 | P23: 0 | Q23: 0 | R23: 0 | S23: 0 | T23: -10 | U23: 10 | V23: 0 | W23: 0
A24: 1403 | B24: Marshall Is | C24: 0 | D24: 0 | E24: 0 | F24: 0 | G24: 0 | H24: 0 | I24: 0 | J24: 0 | K24: 0 | L24: 0 | M24: 0 | N24: 0 | O24: 0 | P24: 0 | Q24: 0 | R24: 0 | S24: 0 | T24: 0 | U24: 0 | V24: 0 | W24: 0
A25: 1404 | B25: Micronesia, F S | C25: 0 | D25: 0 | E25: 0 | F25: 0 | G25: 0 | H25: 0 | I25: 0 | J25: 0 | K25: 0 | L25: 0 | M25: 0 | N25: 0 | O25: 0 | P25: 0 | Q25: 0 | R25: 0 | S25: 0 | T25: 0 | U25: 0 | V25: 0 | W25: 0
... A262: 9299 | B262: S & E Afr, nec | C262: 0 | D262: 0 | E262: 0 | F262: 0 | G262: 0 | H262: 0 | I262: 0 | J262: 0 | K262: 0 | L262: 0 | M262: 0 | N262: 0 | O262: 0 | P262: 0 | Q262: 0 | R262: 0 | S262: 0 | T262: 0 | U262: 0 | V262: 0 | W262: 0
A263: 0000 | B263: Inadequately Described | C263: 0 | D263: 0 | E263: 0 | F263: 0 | G263: 0 | H263: 0 | I263: 0 | J263: 0 | K263: 0 | L263: 0 | M263: 0 | N263: 0 | O263: 0 | P263: 0 | Q263: 0 | R263: 0 | S263: 0 | T263: 0 | U263: 0 | V263: 0 | W263: 0
B265: Total Australian-born | C265: -930 | D265: -700 | E265: -510 | F265: -680 | G265: -310 | H265: -240 | I265: -610 | J265: -180 | K265: -400 | L265: -760 | M265: -610 | N265: -500 | O265: -440 | P265: -220 | Q265: -220 | R265: 690 | S265: -330 | T265: -700 | U265: -770 | V265: -600 | W265: -430
B266: Total overseas-born | C266: 1750 | D266: 1860 | E266: 2450 | F266: 3200 | G266: 3920 | H266: 3330 | I266: 2340 | J266: 4190 | K266: 3320 | L266: 3480 | M266: 4100 | N266: 3830 | O266: 4590 | P266: 4810 | Q266: 3030 | R266: 1550 | S266: -2830 | T266: 4060 | U266: 9180 | V266: 6460 | W266: 5410
B268: Total | C268: 820 | D268: 1160 | E268: 1940 | F268: 2520 | G268: 3610 | H268: 3090 | I268: 1740 | J268: 4020 | K268: 2920 | L268: 2720 | M268: 3500 | N268: 3330 | O268: 4150 | P268: 4600 | Q268: 2810 | R268: 2240 | S268: -3150 | T268: 3360 | U268: 8410 | V268: 5860 | W268: 4980
A270: © Commonwealth of Australia 2025
